Company,domain,industry
AAFCPAs,aafcpa.com,Accounting
Trans World Airlines,7online.com,Airlines/Aviation
2 Step Divorces,2StepDivorces.com,Alternative Dispute Resolution
3D Cannabis Center,3DMMC.com,Alternative Medicine
10 Forward Productions,10forwardproductions.com,Animation
47 Brand,47brand.com,Apparel & Fashion
4240 Architecture,4240architecture.com,Architecture & Planning
Carina Picture Frame Inc,123frame.net,Arts and Crafts
1-800 Radiator & A/C,1800radiator.com,Automotive
Idaho Air National Guard,124wg.ang.af.mil,Aviation & Aerospace
FirstBank Puerto Rico,1firstbank.com,Banking
23andMe,23andme.com,Biotechnology
KGTV Channel 10,10news.com,Broadcast Media
31-W Insulation,31w.com,Building Materials
